idestado,idmunicipio,municipio
7,30,030 Chicomuselo
31,85,085 Temoz�n
32,11,011 Trinidad Garc�a de la Cadena
8,5,005 Ascensi�n
20,436,436 Santa Mar�a Texcatitl�n
20,368,368 Santa Catarina Minas
21,123,123 San Felipe Tepatl�n
14,12,012 Atenguillo
22,10,010 Landa de Matamoros
21,77,077 Hueytlalpan
21,201,201 Xochiltepec
8,28,028 Guadalupe
20,70,070 Pinotepa de Don Luis
31,74,074 Tahmek
12,8,008 Atenango del R�o
11,20,020 Le�n
20,155,155 San Ildefonso Sola
20,72,072 San Jos� del Progreso
15,69,069 Papalotla
10,8,008 Guadalupe Victoria
20,2,002 Acatl�n de P�rez Figueroa
12,77,077 Marquelia
7,37,037 Huehuet�n
31,31,031 Dzoncauich
28,34,034 San Carlos
14,46,046 Jalostotitl�n
30,157,157 Castillo de Teayo
20,433,433 Santa Mar�a Temaxcaltepec
14,58,058 Mascota
32,47,047 Te�l de Gonz�lez Ortega
20,429,429 Santa Mar�a Sola
19,38,038 Montemorelos
30,78,078 Ixcatepec
20,358,358 Santa Ana Tlapacoyan
14,63,063 Ocotl�n
31,49,049 Mayap�n
21,157,157 Tehuitzingo
20,181,181 San Juan Bautista Suchitepec
24,30,030 San Nicol�s Tolentino
12,69,069 Xalpatl�huac
21,73,073 Huehuetl�n el Chico
29,37,037 Ziltlalt�pec de Trinidad S�nchez Santos
20,283,283 San Miguel Tequixtepec
13,61,061 Tepeapulco
20,37,037 Mesones Hidalgo
31,7,007 Cacalch�n
20,171,171 San Jos� Tenango
11,46,046 Yuriria
15,40,040 Ixtapan de la Sal
16,44,044 Jim�nez
28,24,024 Mier
32,48,048 Tlaltenango de S�nchez Rom�n
5,5,005 Candela
28,39,039 Tula
15,84,084 Temascalapa
9,10,010 �lvaro Obreg�n
20,346,346 San Sebasti�n Nicananduta
21,170,170 Tepeyahualco
30,209,209 Tatahuicapan de Ju�rez
28,41,041 Victoria
12,78,078 Cochoapa el Grande
21,84,084 Ixtepec
15,50,050 Juchitepec
4,6,006 Hopelch�n
21,18,018 Atexcal
21,200,200 Xochiapulco
20,78,078 Rojas de Cuauht�moc
23,9,009 Tulum
15,71,071 Polotitl�n
20,560,560 Villa D�az Ordaz
20,265,265 San Miguel Chimalapa
30,5,005 Acula
13,68,068 Tianguistengo
20,483,483 Santiago Suchilquitongo
13,30,030 Ixmiquilpan
15,21,021 Coatepec Harinas
20,394,394 Santa Mar�a Alotepec
20,290,290 San Nicol�s Hidalgo
20,241,241 San Mart�n Lachil�
14,65,065 Pihuamo
21,185,185 Tlapanal�
7,86,086 Suchiapa
32,44,044 Tabasco
20,359,359 Santa Ana Yareni
24,16,016 Ebano
12,70,070 Xochihuehuetl�n
29,21,021 Nanacamilpa de Mariano Arista
16,111,111 Ziracuaretiro
7,11,011 Bella Vista
20,437,437 Santa Mar�a Tlahuitoltepec
31,14,014 Cuncunul
17,23,023 Tlalnepantla
14,66,066 Poncitl�n
7,91,091 Tapilula
30,145,145 Soconusco
21,66,066 Guadalupe
28,4,004 Antiguo Morelos
16,108,108 Zamora
27,15,015 Tacotalpa
20,515,515 Santo Domingo Tehuantepec
14,57,057 La Manzanilla de la Paz
31,64,064 Sanahcat
26,54,054 San Javier
20,330,330 San Pedro Teutila
17,7,007 Cuernavaca
20,494,494 Santiago Tlazoyaltepec
20,352,352 San Sim�n Zahuatl�n
15,25,025 Chalco
20,217,217 San Juan Tamazola
20,360,360 Santa Ana Zegache
30,72,072 Huayacocotla
21,22,022 Atzitzihuac�n
11,32,032 San Jos� Iturbide
21,125,125 San Gregorio Atzompa
30,85,085 Ixtaczoquitl�n
23,5,005 Benito Ju�rez
20,422,422 Santa Mar�a Nativitas
13,40,040 La Misi�n
14,35,035 Encarnaci�n de D�az
14,7,007 San Juanito de Escobedo
20,90,090 San Andr�s Huaxpaltepec
24,29,029 San Mart�n Chalchicuautla
11,33,033 San Luis de la Paz
10,32,032 Santiago Papasquiaro
26,18,018 Cajeme
20,273,273 San Miguel Peras
8,41,041 Maguarichi
30,67,067 Filomeno Mata
15,64,064 El Oro
5,4,004 Arteaga
24,4,004 Armadillo de los Infante
21,175,175 Tianguismanalco
13,13,013 Atotonilco de Tula
20,166,166 San Jos� Chiltepec
20,449,449 Santa Mar�a Zoquitl�n
21,197,197 Xicotepec
30,10,010 Altotonga
7,40,040 Huixtla
31,40,040 Izamal
15,39,039 Ixtapaluca
29,3,003 Atlangatepec
29,2,002 Apetatitl�n de Antonio Carvajal
30,15,015 Angel R. Cabada
22,2,002 Pinal de Amoles
30,117,117 Omealca
15,110,110 Valle de Bravo
7,109,109 Yajal�n
14,121,121 Zapotiltic
20,33,033 Guadalupe Etla
20,266,266 San Miguel del Puerto
23,3,003 Isla Mujeres
32,21,021 Jim�nez del Teul
30,206,206 Nanchital de L�zaro C�rdenas del R�o
5,37,037 Villa Uni�n
20,192,192 San Juan Chilateca
20,447,447 Santa Mar�a Zacatepec
13,70,070 Tlahuelilpan
20,39,039 Heroica Ciudad de Huajuapan de Le�n
20,132,132 San Dionisio Ocotl�n
31,81,081 Tekom
21,188,188 Tochimilco
15,56,056 Morelos
20,282,282 San Miguel Tenango
20,345,345 San Sebasti�n Ixcapa
31,55,055 Opich�n
21,149,149 Santiago Miahuatl�n
20,347,347 San Sebasti�n R�o Hondo
21,211,211 Zaragoza
20,466,466 Santiago Ixtayutla
20,530,530 Santo Tom�s Jalieza
30,63,063 Chontla
17,12,012 Jojutla
30,52,052 Cuichapa
20,450,450 Santiago Amoltepec
17,14,014 Mazatepec
20,126,126 San Crist�bal Amatl�n
30,164,164 Teocelo
20,203,203 San Juan Lachigalla
8,35,035 Janos
9,5,005 Gustavo A. Madero
20,463,463 Santiago Huauclilla
20,43,043 Heroica Ciudad de Juchit�n de Zaragoza
21,159,159 Teopantl�n
20,391,391 Santa Luc�a Miahuatl�n
29,51,051 San Jer�nimo Zacualpan
18,6,006 Ixtl�n del R�o
7,90,090 Tapalapa
29,26,026 Santa Cruz Tlaxcala
8,27,027 Guachochi
12,50,050 Pungarabato
30,11,011 Alvarado
5,26,026 Progreso
28,38,038 Tampico
20,186,186 San Juan Cieneguilla
20,340,340 San Pedro y San Pablo Tequixtepec
17,13,013 Jonacatepec
20,274,274 San Miguel Piedras
20,390,390 Santa Luc�a del Camino
20,195,195 San Juan Diuxi
13,28,028 Huejutla de Reyes
20,174,174 �nimas Trujano
20,307,307 San Pedro Huamelula
13,80,080 Yahualica
14,69,069 Quitupan
22,4,004 Cadereyta de Montes
11,3,003 San Miguel de Allende
20,508,508 Santo Domingo Chihuit�n
21,83,083 Ixtacamaxtitl�n
30,13,013 Naranjos Amatl�n
21,86,086 Jalpan
21,192,192 Tuzamapan de Galeana
28,11,011 G�mez Far�as
24,26,026 San Antonio
20,173,173 San Juan Atepec
21,103,103 Nicol�s Bravo
30,83,083 Ixhuatl�n de Madero
32,2,002 Apulco
17,8,008 Emiliano Zapata
20,32,032 Fresnillo de Trujano
27,6,006 Cunduac�n
15,95,095 Tepotzotl�n
28,43,043 Xicot�ncatl
20,152,152 San Francisco Tlapancingo
16,7,007 Aporo
16,98,098 Tuxpan
20,478,478 Santiago Nacaltepec
8,40,040 Madera
20,213,213 San Juan Quiahije
14,3,003 Ahualulco de Mercado
8,16,016 La Cruz
5,18,018 Monclova
20,294,294 San Pablo Huitzo
15,32,032 Donato Guerra
28,5,005 Burgos
14,89,089 Techaluta de Montenegro
14,85,085 Tamazula de Gordiano
15,33,033 Ecatepec de Morelos
12,18,018 Copala
20,84,084 San Agust�n Etla
21,12,012 Aljojuca
24,28,028 San Luis Potos�
11,12,012 Cuer�maro
7,14,014 El Bosque
28,,
15,62,062 Ocoyoacac
4,8,008 Tenabo
21,139,139 San Pablo Anicano
19,29,029 Hualahuises
20,430,430 Santa Mar�a Tataltepec
31,25,025 Dz�n
31,45,045 Kopom�
21,174,174 Teziutl�n
9,2,002 Azcapotzalco
26,9,009 Bacanora
12,35,035 Iguala de la Independencia
13,75,075 Tolcayuca
15,60,060 Nicol�s Romero
30,139,139 Saltabarranca
21,163,163 Tepatlaxco de Hidalgo
31,90,090 Timucuy
14,116,116 Villa Hidalgo
31,103,103 Xocchel
31,26,026 Dzemul
16,57,057 Nocup�taro
26,1,001 Aconchi
31,47,047 Man�
10,38,038 Vicente Guerrero
20,372,372 Santa Catarina Yosonot�
30,148,148 Soledad de Doblado
15,98,098 Texcalyacac
14,104,104 Totatiche
21,204,204 Yaon�huac
16,35,035 La Huacana
20,267,267 San Miguel del R�o
19,22,022 Gral. Ter�n
21,75,075 Hueyapan
3,,
24,40,040 Tamu�n
16,15,015 Coalcom�n de V�zquez Pallares
20,419,419 Santa Mar�a Jaltianguis
20,331,331 San Pedro Tida�
20,86,086 San Agust�n Tlacotepec
15,96,096 Tequixquiac
21,68,068 Hermenegildo Galeana
16,64,064 Par�cuaro
21,45,045 Chalchicomula de Sesma
12,31,031 General Canuto A. Neri
20,112,112 San Baltazar Chichic�pam
13,66,066 Villa de Tezontepec
21,209,209 Zapotitl�n
31,5,005 Bokob�
24,38,038 Tampac�n
20,188,188 San Juan Colorado
13,26,026 Huazalingo
7,19,019 Comit�n de Dom�nguez
30,210,210 Uxpanapa
13,69,069 Tizayuca
3,8,008 Los Cabos
20,559,559 San Juan Bautista Valle Nacional
7,47,047 Jitotol
21,57,057 Honey
32,57,057 Trancoso
20,208,208 San Juan Mixtepec -Dto. 08 -
30,124,124 Papantla
7,75,075 Las Rosas
2,,
20,1,001 Abejones
16,96,096 Tumbiscat�o
11,14,014 Dolores Hidalgo Cuna de la Independencia Nacional
12,65,065 Tlalixtaquilla de Maldonado
31,42,042 Kantunil
22,13,013 Pe�amiller
14,36,036 Etzatl�n
26,4,004 Altar
30,167,167 Tepetzintla
17,29,029 Yautepec
17,21,021 Tetecala
5,,
29,55,055 San Lucas Tecopilco
27,8,008 Huimanguillo
32,7,007 Concepci�n del Oro
15,114,114 Villa Victoria
30,84,084 Ixmatlahuacan
26,51,051 Rosario
31,30,030 Dzit�s
5,29,029 Sacramento
28,7,007 Camargo
18,11,011 Ru�z
29,9,009 Cuaxomulco
26,72,072 San Ignacio R�o Muerto
30,175,175 Tihuatl�n
14,87,087 Tecalitl�n
21,158,158 Tenampulco
12,21,021 Coyuca de Ben�tez
21,80,080 Atlequizayan
20,160,160 San Jer�nimo Silacayoapilla
14,43,043 La Huerta
30,77,077 Isla
20,71,071 Pluma Hidalgo
5,28,028 Sabinas
8,31,031 Guerrero
30,162,162 Tenampa
17,32,032 Zacualpan
21,134,134 San Mat�as Tlalancaleca
8,65,065 Urique
15,27,027 Chapultepec
15,52,052 Malinalco
20,83,083 San Agust�n de las Juntas
21,8,008 Ahuazotepec
12,16,016 Coahuayutla de Jos� Mar�a Izazaga
32,54,054 Villa Hidalgo
5,32,032 San Juan de Sabinas
21,151,151 Santo Tom�s Hueyotlipan
16,112,112 Zit�cuaro
11,17,017 Irapuato
7,60,060 Ocotepec
20,349,349 San Sebasti�n Teitipac
31,6,006 Buctzotz
15,5,005 Almoloya de Ju�rez
15,120,120 Zumpango
12,1,001 Acapulco de Ju�rez
20,235,235 San Luis Amatl�n
16,88,088 Tar�mbaro
21,152,152 Soltepec
24,53,053 Axtla de Terrazas
29,,
5,19,019 Morelos
13,27,027 Huehuetla
14,44,044 Ixtlahuac�n de los Membrillos
14,29,029 Cuqu�o
20,378,378 Santa Cruz Mixtepec
20,423,423 Santa Mar�a Nduayaco
7,23,023 Chamula
20,486,486 Villa Tej�pam de la Uni�n
20,137,137 San Francisco Cahuacu�
20,48,048 Magdalena Mixtepec
20,170,170 San Jos� Lachiguiri
20,114,114 San Baltazar Yatzachi el Bajo
13,25,025 Huautla
30,41,041 Coetzala
20,79,079 Salina Cruz
21,187,187 Tlaxco
21,48,048 Chiautzingo
30,149,149 Soteapan
20,136,136 San Felipe Usila
15,113,113 Villa Guerrero
30,114,114 Nautla
21,37,037 Coyotepec
20,441,441 Santa Mar�a Xadani
13,21,021 Emiliano Zapata
28,18,018 Jim�nez
13,16,016 Cuautepec de Hinojosa
19,47,047 Hidalgo
20,3,003 Asunci�n Cacalotepec
7,72,072 Pueblo Nuevo Solistahuac�n
20,111,111 San Antonio Tepetlapa
27,1,001 Balanc�n
29,42,042 Xicohtzinco
19,42,042 Los Ramones
21,167,167 Tepetzintla
4,7,007 Palizada
15,121,121 Cuautitl�n Izcalli
20,524,524 Santo Domingo Yodohino
24,2,002 Alaquines
20,183,183 San Juan Bautista Tlachichilco
21,90,090 Juan C. Bonilla
17,18,018 Temixco
10,21,021 Pe��n Blanco
11,26,026 Romita
30,198,198 Zacualpan
30,23,023 Atzalan
30,183,183 Tlapacoyan
9,,
20,448,448 Santa Mar�a Zaniza
21,91,091 Juan Galindo
21,65,065 General Felipe �ngeles
20,416,416 Santa Mar�a Ixcatl�n
11,37,037 Silao
20,103,103 San Antonino Castillo Velasco
20,321,321 San Pedro Nopala
31,80,080 Tekit
5,8,008 Escobedo
20,97,097 San Andr�s Solaga
21,70,070 Huatlatlauca
27,10,010 Jalpa de M�ndez
10,1,001 Canatl�n
13,39,039 Mineral del Monte
30,212,212 Santiago Sochiapan
20,481,481 Santiago Nuyo�
30,152,152 Tampico Alto
26,,
21,64,064 Francisco Z. Mena
19,16,016 Dr. Gonz�lez
7,17,017 Cintalapa
7,27,027 Chiapa de Corzo
10,12,012 Lerdo
12,76,076 Acatepec
21,212,212 Zautla
31,29,029 Dzilam Gonz�lez
8,67,067 Valle de Zaragoza
32,34,034 Nochistl�n de Mej�a
13,71,071 Tlahuiltepa
16,101,101 Tzitzio
16,23,023 Chavinda
27,5,005 Comalcalco
12,33,033 Huamuxtitl�n
15,82,082 Tejupilco
20,409,409 Santa Mar�a del Tule
8,25,025 G�mez Far�as
32,3,003 Atolinga
4,4,004 Champot�n
21,176,176 Tilapa
29,50,050 San Francisco Tetlanohcan
31,3,003 Akil
16,50,050 Maravat�o
15,13,013 Atizap�n de Zaragoza
16,71,071 Puru�ndiro
13,22,022 Epazoyucan
30,59,059 Chinameca
20,287,287 San Miguel Tulancingo
7,67,067 Pantepec
29,45,045 Benito Ju�rez
15,59,059 Nextlalpan
20,297,297 San Pablo Tijaltepec
30,185,185 Tlilapan
10,36,036 Tlahualilo
12,57,057 T�cpan de Galeana
16,97,097 Turicato
13,9,009 El Arenal
13,81,081 Zacualtip�n de �ngeles
20,327,327 San Pedro Tapanatepec
18,10,010 Rosamorada
15,44,044 Jaltenco
20,473,473 Santiago Laxopa
4,10,010 Calakmul
14,75,075 San Marcos
1,5,005 Jes�s Mar�a
11,15,015 Guanajuato
14,15,015 Autl�n de Navarro
20,224,224 San Juan Yucuita
30,172,172 Texistepec
26,70,070 General Plutarco El�as Calles
20,380,380 Santa Cruz Papalutla
11,24,024 Pueblo Nuevo
16,55,055 M�gica
20,102,102 San Andr�s Zautla
30,151,151 Tamiahua
16,81,081 Susupuato
14,80,080 San Sebasti�n del Oeste
11,1,001 Abasolo
7,101,101 Tuxtla Guti�rrez
12,6,006 Apaxtla
15,108,108 Tultepec
18,,
7,45,045 Ixtapangajoya
4,3,003 Carmen
26,49,049 Quiriego
20,230,230 San Lorenzo Victoria
15,117,117 Zacualpan
29,18,018 Contla de Juan Cuamatzi
10,29,029 San Luis del Cordero
16,38,038 Huetamo
30,147,147 Soledad Atzompa
8,39,039 L�pez
30,65,065 Emiliano Zapata
30,100,100 Manlio Fabio Altamirano
20,455,455 Santiago Ayuquililla
30,73,073 Hueyapan de Ocampo
30,92,092 Xico
21,92,092 Juan N. M�ndez
31,53,053 Muna
30,60,060 Chinampa de Gorostiza
16,32,032 Erongar�cuaro
20,96,096 San Andr�s Sinaxtla
8,17,017 Cuauht�moc
11,13,013 Doctor Mora
24,49,049 Villa de Ramos
7,13,013 Bochil
19,21,021 Gral. Escobedo
8,34,034 Ignacio Zaragoza
21,154,154 Tecamachalco
16,67,067 Penjamillo
20,286,286 San Miguel Tlacotepec
14,77,077 San Mart�n Hidalgo
18,3,003 Amatl�n de Ca�as
18,13,013 San Pedro Lagunillas
30,116,116 Oluta
14,73,073 San Juan de los Lagos
32,20,020 Jerez
15,70,070 La Paz
32,42,042 Sombrerete
14,62,062 Mixtl�n
21,100,100 Naupan
21,33,033 Cohuecan
20,164,164 San Jorge Nuchita
31,38,038 Hunucm�
17,24,024 Tlaltizap�n
32,19,019 Jalpa
15,100,100 Tezoyuca
14,92,092 Teocuitatl�n de Corona
12,58,058 Teloloapan
10,15,015 Nazas
11,29,029 San Diego de la Uni�n
24,51,051 Villa Hidalgo
7,102,102 Tuxtla Chico
15,76,076 San Mateo Atenco
20,568,568 Zapotitl�n Palmas
26,67,067 Villa Hidalgo
32,45,045 Tepechitl�n
14,2,002 Acatl�n de Ju�rez
11,36,036 Santiago Maravat�o
26,7,007 Atil
21,98,098 Molcaxac
26,2,002 Agua Prieta
14,109,109 Uni�n de San Antonio
31,34,034 Hocab�
7,22,022 Chalchihuit�n
32,38,038 Pinos
30,126,126 Paso de Ovejas
21,55,055 Chila
27,,
8,64,064 El Tule
31,12,012 Cenotillo
12,9,009 Atlamajalcingo del Monte
13,19,019 Chilcuautla
14,100,100 Tomatl�n
21,128,128 San Jos� Chiapa
20,30,030 El Espinal
21,127,127 San Jer�nimo Xayacatl�n
16,113,113 Jos� Sixto Verduzco
20,227,227 San Lorenzo Cacaotepec
30,57,057 Chiconquiaco
14,28,028 Cuautla
21,44,044 Cuyoaco
20,162,162 San Jer�nimo Taviche
20,558,558 Valerio Trujano
24,57,057 Matlapa
30,74,074 Huiloapan de Cuauht�moc
31,37,037 Huh�
1,11,011 San Francisco de los Romo
16,49,049 Madero
21,207,207 Zacapoaxtla
20,205,205 San Juan Lalana
14,9,009 El Arenal
21,129,129 San Jos� Miahuatl�n
30,195,195 Xoxocotla
20,315,315 San Pedro M�rtir
22,16,016 San Juan del R�o
20,343,343 San Sebasti�n Abasolo
29,23,023 Nat�vitas
14,34,034 Ejutla
12,51,051 Quechultenango
21,140,140 San Pedro Cholula
9,13,013 Xochimilco
15,9,009 Amecameca
20,498,498 Santiago Yaveo
5,15,015 Ju�rez
20,124,124 San Blas Atempa
21,148,148 Santa Isabel Cholula
32,39,039 R�o Grande
20,36,036 Guevea de Humboldt
32,22,022 Juan Aldama
7,52,052 Las Margaritas
31,104,104 Yaxcab�
32,5,005 Calera
8,10,010 Buenaventura
31,19,019 Chemax
14,45,045 Ixtlahuac�n del R�o
20,19,019 Concepci�n P�palo
20,496,496 Santiago Xiacu�
20,440,440 Santa Mar�a Totolapilla
16,69,069 La Piedad
16,13,013 Car�cuaro
21,89,089 Jopala
25,,
16,94,094 Tlazazalca
20,398,398 Ayoquezco de Aldama
20,376,376 Santa Cruz de Bravo
24,13,013 Ciudad Valles
15,55,055 Mexicaltzingo
16,56,056 Nahuatzen
29,31,031 Tetla de la Solidaridad
11,7,007 Celaya
7,107,107 Villa Corzo
32,,
20,565,565 Villa de Zaachila
26,34,034 Hu�pac
26,38,038 Moctezuma
20,542,542 Taniche
29,28,028 Teolocholco
13,65,065 Tetepango
20,177,177 San Juan Bautista Cuicatl�n
31,87,087 Tetiz
15,19,019 Capulhuac
20,475,475 Santiago Matatl�n
20,189,189 San Juan Comaltepec
20,73,073 Putla Villa de Guerrero
30,141,141 San Andr�s Tuxtla
14,105,105 Tototl�n
29,36,036 Totolac
18,18,018 Tuxpan
7,,
20,105,105 San Antonino Monte Verde
20,567,567 Zapotitl�n Lagunas
20,130,130 San Dionisio del Mar
1,4,004 Cos�o
12,59,059 Tepecoacuilco de Trujano
30,8,008 Alpatl�huac
16,19,019 Cotija
29,39,039 Xaloztoc
20,77,077 Reyes Etla
20,34,034 Guadalupe de Ram�rez
14,48,048 Jes�s Mar�a
21,47,047 Chiautla
32,55,055 Villanueva
30,9,009 Alto Lucero de Guti�rrez Barrios
20,501,501 Santiago Yucuyachi
14,24,024 Cocula
30,138,138 R�o Blanco
19,23,023 Gral. Trevi�o
14,67,067 Puerto Vallarta
30,211,211 San Rafael
32,17,017 Guadalupe
21,102,102 Nealtican
28,3,003 Altamira
16,36,036 Huandacareo
21,81,081 Ixcamilpa de Guerrero
30,178,178 Tlacotalpan
20,406,406 Santa Mar�a Chilchotla
19,15,015 Dr. Coss
13,64,064 Tepetitl�n
30,107,107 Las Minas
8,,
20,411,411 Santa Mar�a Guelac�
16,5,005 Angangueo
20,145,145 San Francisco Lachigol�
20,499,499 Santiago Yolom�catl
20,474,474 Santiago Llano Grande
20,95,095 San Andr�s Paxtl�n
10,20,020 P�nuco de Coronado
20,328,328 San Pedro Taviche
28,23,023 M�ndez
22,8,008 Huimilpan
20,239,239 San Mart�n Huamel�lpam
20,17,017 La Compa��a
7,98,098 Totolapa
21,121,121 San Diego la Mesa Tochimiltzingo
30,112,112 Naolinco
19,11,011 Cerralvo
20,50,050 Magdalena Pe�asco
29,52,052 San Jos� Teacalco
21,2,002 Acateno
15,101,101 Tianguistenco
20,407,407 Santa Mar�a Chimalapa
20,99,099 San Andr�s Tepetlapa
14,47,047 Jamay
14,122,122 Zapotitl�n de Vadillo
32,13,013 General Enrique Estrada
26,10,010 Bacerac
20,246,246 San Mateo Cajonos
13,67,067 Tezontepec de Aldama
20,344,344 San Sebasti�n Coatl�n
21,190,190 Totoltepec de Guerrero
29,11,011 Mu�oz de Domingo Arenas
8,13,013 Casas Grandes
32,14,014 General Francisco R. Murgu�a
20,408,408 Santa Mar�a del Rosario
17,22,022 Tetela del Volc�n
29,41,041 Papalotla de Xicoht�ncatl
5,35,035 Torre�n
26,61,061 Soyopa
20,570,570 Zimatl�n de �lvarez
30,14,014 Amatl�n de los Reyes
11,2,002 Ac�mbaro
19,1,001 Abasolo
1,8,008 San Jos� de Gracia
20,442,442 Santa Mar�a Yalina
14,51,051 Juanacatl�n
31,73,073 Tahdzi�
31,35,035 Hoct�n
24,37,037 Tamazunchale
26,29,029 Guaymas
21,171,171 Tepeyahualco de Cuauht�moc
20,225,225 San Lorenzo
21,27,027 Caltepec
31,43,043 Kaua
12,10,010 Atlixtac
7,57,057 Motozintla
15,37,037 Huixquilucan
21,210,210 Zapotitl�n de M�ndez
20,446,446 Santa Mar�a Yucuhiti
16,86,086 Tanhuato
32,40,040 Sain Alto
23,,
3,9,009 Loreto
7,55,055 Metapa
14,4,004 Amacueca
3,1,001 Comond�
7,43,043 Ixtacomit�n
8,18,018 Cusihuiriachi
20,514,514 Santo Domingo Roayaga
12,26,026 Cuetzala del Progreso
30,22,022 Atzacan
16,18,018 Cop�ndaro
19,48,048 Santa Catarina
20,326,326 San Pedro Sochi�pam
29,58,058 Santa Catarina Ayometla
21,40,040 Cuautinch�n
24,12,012 Tancanhuitz
11,21,021 Morole�n
13,84,084 Zimap�n
26,22,022 Cucurpe
14,108,108 Tuxpan
20,491,491 Santiago Textitl�n
21,31,031 Coatzingo
21,213,213 Zihuateutla
10,35,035 Tepehuanes
12,64,064 Tlalchapa
31,1,001 Abal�
12,41,041 Malinaltepec
8,37,037 Ju�rez
20,47,047 Santa Magdalena Jicotl�n
13,20,020 Eloxochitl�n
31,92,092 Tixcacalcupul
20,472,472 Santiago Laollaga
20,549,549 Tezoatl�n de Segura y Luna
30,170,170 Texcatepec
20,142,142 San Francisco Huehuetl�n
15,104,104 Tlalnepantla de Baz
18,19,019 La Yesca
20,497,497 Santiago Yaitepec
29,59,059 Santa Cruz Quilehtla
28,31,031 Palmillas
19,4,004 Allende
20,337,337 San Pedro y San Pablo Ayutla
28,33,033 R�o Bravo
15,92,092 Teotihuac�n
7,77,077 Salto de Agua
10,37,037 Topia
14,111,111 Valle de Guadalupe
14,6,006 Ameca
21,59,059 Chinantla
8,46,046 Morelos
21,62,062 Epatl�n
5,33,033 San Pedro
28,15,015 Gustavo D�az Ordaz
14,96,096 Tizap�n el Alto
14,22,022 Cihuatl�n
20,438,438 Santa Mar�a Tlalixtac
31,79,079 Tekax
5,14,014 Jim�nez
28,36,036 San Nicol�s
7,28,028 Chiapilla
14,26,026 Concepci�n de Buenos Aires
20,504,504 Nuevo Zoqui�pam
30,173,173 Tezonapa
7,44,044 Ixtapa
30,96,096 Landero y Coss
21,95,095 La Magdalena Tlatlauquitepec
14,103,103 Tonila
20,353,353 Santa Ana
17,4,004 Ayala
14,113,113 San Gabriel
20,185,185 San Juan Cacahuatepec
2,4,004 Tijuana
8,45,045 Meoqui
21,177,177 Tlacotepec de Benito Ju�rez
16,47,047 Jungapeo
30,66,066 Espinal
15,49,049 Joquicingo
20,187,187 San Juan Coatz�spam
20,108,108 San Antonio Huitepec
8,63,063 Tem�sachic
26,14,014 Bavi�cora
30,160,160 �lamo Temapache
24,19,019 Lagunillas
20,400,400 Santa Mar�a Camotl�n
13,31,031 Jacala de Ledezma
19,20,020 Gral. Bravo
19,36,036 Mier y Noriega
20,231,231 San Lucas Camotl�n
1,1,001 Aguascalientes
7,100,100 Tumbal�
13,29,029 Huichapan
20,91,091 San Andr�s Huay�pam
13,1,001 Acatl�n
18,5,005 Huajicori
8,23,023 Galeana
30,81,081 Ixhuatlancillo
31,65,065 San Felipe
20,110,110 San Antonio Sinicahua
4,1,001 Calkin�
20,299,299 San Pablo Yaganiza
30,125,125 Paso del Macho
9,16,016 Miguel Hidalgo
20,518,518 Santo Domingo Tlatay�pam
30,143,143 Santiago Tuxtla
20,59,059 Miahuatl�n de Porfirio D�az
19,27,027 Los Herreras
11,30,030 San Felipe
20,385,385 Santa Cruz Xoxocotl�n
15,26,026 Chapa de Mota
31,95,095 Tixp�hual
27,16,016 Teapa
16,95,095 Tocumbo
7,15,015 Cacahoat�n
14,119,119 Zacoalco de Torres
32,4,004 Benito Ju�rez
14,39,039 Guadalajara
30,146,146 Sochiapa
21,4,004 Acatzingo
13,52,052 San Agust�n Tlaxiaca
14,74,074 San Juli�n
28,19,019 Llera
12,23,023 Cuajinicuilapa
20,115,115 San Bartolo Coyotepec
14,125,125 San Ignacio Cerro Gordo
30,165,165 Tepatlaxco
21,189,189 Tochtepec
12,75,075 Eduardo Neri
24,22,022 Moctezuma
21,132,132 San Mart�n Texmelucan
24,25,025 Salinas
17,31,031 Zacatepec
14,18,018 La Barca
13,59,059 Tecozautla
29,43,043 Yauhquemehcan
19,34,034 Mar�n
20,133,133 San Esteban Atatlahuca
30,88,088 Jalcomulco
8,36,036 Jim�nez
14,1,001 Acatic
20,369,369 Santa Catarina Quian�
20,248,248 San Mateo del Mar
17,17,017 Puente de Ixtla
3,3,003 La Paz
20,314,314 San Pedro Juchatengo
20,555,555 Trinidad Zaachila
30,140,140 San Andr�s Tenejapan
19,28,028 Higueras
15,23,023 Coyotepec
17,,
20,546,546 Teotitl�n del Valle
17,27,027 Totolapan
29,54,054 San Lorenzo Axocomanitla
31,69,069 Sotuta
20,534,534 San Vicente Coatl�n
26,60,060 S�ric
30,156,156 Tatatila
13,48,048 Pachuca de Soto
20,295,295 San Pablo Huixtepec
29,5,005 Apizaco
26,21,021 La Colorada
31,66,066 Santa Elena
11,6,006 Atarjea
20,139,139 San Francisco Chapulapa
20,26,026 Chalcatongo de Hidalgo
20,135,135 San Felipe Tejal�pam
29,14,014 Hueyotlipan
20,539,539 Soledad Etla
20,194,194 San Juan del R�o
16,66,066 P�tzcuaro
10,30,030 San Pedro del Gallo
14,124,124 Zapotlanejo
30,12,012 Amatitl�n
11,43,043 Victoria
31,46,046 Mama
31,41,041 Kanas�n
7,29,029 Chicoas�n
12,40,040 Leonardo Bravo
8,66,066 Uruachi
17,9,009 Huitzilac
14,93,093 Tepatitl�n de Morelos
7,36,036 La Grandeza
20,517,517 Santo Domingo Tepuxtepec
24,41,041 Tanlaj�s
14,112,112 Valle de Ju�rez
20,395,395 Santa Mar�a Apazco
26,59,059 Santa Cruz
15,106,106 Toluca
21,111,111 Pantepec
21,196,196 Xayacatl�n de Bravo
20,335,335 San Pedro Yaneri
13,58,058 Tasquillo
24,14,014 Coxcatl�n
16,12,012 Buenavista
28,10,010 Cruillas
14,81,081 Santa Mar�a de los �ngeles
16,104,104 Villamar
18,2,002 Ahuacatl�n
30,174,174 Tierra Blanca
30,75,075 Ignacio de la Llave
20,492,492 Santiago Tilantongo
15,42,042 Ixtlahuaca
20,89,089 San Andr�s Dinicuiti
16,26,026 Chinicuila
8,38,038 Julimes
20,476,476 Santiago Miltepec
22,1,001 Amealco de Bonfil
16,61,061 Ocampo
7,68,068 Pichucalco
20,544,544 Teococuilco de Marcos P�rez
31,2,002 Acanceh
21,9,009 Ahuehuetitla
20,427,427 Santa Mar�a Petapa
21,216,216 Zoquiapan
27,14,014 Para�so
30,26,026 Banderilla
26,15,015 Bavispe
15,,
29,12,012 Espa�ita
18,17,017 Tepic
14,86,086 Tapalpa
30,98,098 Magdalena
21,28,028 Camocuautla
11,18,018 Jaral del Progreso
31,36,036 Hom�n
20,388,388 Santa In�s del Monte
24,6,006 Catorce
7,10,010 Bejucal de Ocampo
7,39,039 Huitiup�n
21,88,088 Jonotla
21,49,049 Chiconcuautla
28,9,009 Ciudad Madero
20,401,401 Santa Mar�a Colotepec
20,506,506 Santo Domingo Albarradas
7,6,006 Amatenango de la Frontera
31,11,011 Celest�n
16,106,106 Yur�cuaro
21,58,058 Chilchotla
15,89,089 Tenango del Aire
28,40,040 Valle Hermoso
16,74,074 Cojumatl�n de R�gules
16,91,091 Ting�ind�n
24,50,050 Villa de Reyes
20,551,551 Tlacolula de Matamoros
7,38,038 Huixt�n
21,108,108 Oriental
10,23,023 Pueblo Nuevo
30,29,029 Calcahualco
20,15,015 Coatecas Altas
20,65,065 Ixpantepec Nieves
18,16,016 Tecuala
7,64,064 Oxchuc
30,193,193 Veracruz
19,3,003 Los Aldamas
20,341,341 San Pedro Yucunama
12,79,079 Jos� Joaqu�n de Herrera
20,46,046 Magdalena Jaltepec
12,22,022 Coyuca de Catal�n
7,113,113 Aldama
14,97,097 Tlajomulco de Z��iga
16,27,027 Chuc�ndiro
21,119,119 San Andr�s Cholula
32,24,024 Loreto
30,4,004 Actopan
18,9,009 Del Nayar
20,434,434 Santa Mar�a Teopoxco
26,20,020 Carb�
13,47,047 Pacula
20,180,180 San Juan Bautista Lo de Soto
7,12,012 Berrioz�bal
21,53,053 Chignahuapan
30,121,121 Ozuluama de Mascare�as
20,143,143 San Francisco Ixhuat�n
26,30,030 Hermosillo
5,23,023 Ocampo
22,,
11,40,040 Tierra Blanca
20,569,569 Santa In�s de Zaragoza
20,82,082 San Agust�n Chayuco
7,24,024 Chanal
17,33,033 Temoac
7,73,073 Ray�n
21,194,194 Venustiano Carranza
20,324,324 San Pedro Pochutla
20,109,109 San Antonio Nanahuat�pam
12,27,027 Cutzamala de Pinz�n
13,15,015 Cardonal
15,75,075 San Mart�n de las Pir�mides
20,156,156 San Ildefonso Villa Alta
21,60,060 Domingo Arenas
20,76,076 La Reforma
14,82,082 Sayula
32,50,050 Vetagrande
20,221,221 San Juan Teposcolula
20,418,418 Santa Mar�a Jalapa del Marqu�s
30,18,018 Aquila
15,34,034 Ecatzingo
24,1,001 Ahualulco
20,323,323 San Pedro Ocotepec
21,34,034 Coronango
21,180,180 Tlahuapan
22,11,011 El Marqu�s
14,88,088 Tecolotl�n
8,6,006 Bach�niva
12,55,055 Taxco de Alarc�n
8,50,050 Nuevo Casas Grandes
8,14,014 Coronado
13,63,063 Tepeji del R�o de Ocampo
12,32,032 General Heliodoro Castillo
2,5,005 Playas de Rosarito
7,88,088 Sunuapa
20,521,521 Santo Domingo Tonaltepec
7,42,042 Ixhuat�n
20,107,107 San Antonio de la Cal
7,117,117 Montecristo de Guerrero
20,488,488 Santiago Tepetlapa
20,467,467 Santiago Jamiltepec
20,25,025 Chahuites
30,99,099 Maltrata
9,14,014 Benito Ju�rez
11,27,027 Salamanca
21,106,106 Ocoyucan
28,30,030 Padilla
32,8,008 Cuauht�moc
21,172,172 Tetela de Ocampo
5,20,020 M�zquiz
21,79,079 Huitziltepec
15,68,068 Ozumba
27,17,017 Tenosique
20,258,258 San Miguel Achiutla
20,9,009 Ayotzintepec
13,24,024 Huasca de Ocampo
20,74,074 Santa Catarina Quioquitani
16,83,083 Tanc�taro
16,37,037 Huaniqueo
30,208,208 Carlos A. Carrillo
7,81,081 Simojovel
13,7,007 Almoloya
29,47,047 L�zaro C�rdenas
20,310,310 San Pedro Ixtlahuaca
21,191,191 Tulcingo
16,89,089 Tepalcatepec
20,179,179 San Juan Bautista Jayacatl�n
12,61,061 Tixtla de Guerrero
7,53,053 Mazapa de Madero
26,44,044 Onavas
11,9,009 Comonfort
31,10,010 Cantamayec
13,43,043 Nicol�s Flores
18,15,015 Santiago Ixcuintla
24,45,045 Venado
20,172,172 San Juan Achiutla
7,49,049 Larr�inzar
21,165,165 Tepemaxalco
8,19,019 Chihuahua
10,14,014 Mezquital
21,183,183 Tlaola
16,40,040 Indaparapeo
16,73,073 Quiroga
11,42,042 Valle de Santiago
20,60,060 Mixistl�n de la Reforma
20,389,389 Santa In�s Yatzeche
30,31,031 Carrillo Puerto
20,28,028 Heroica Ciudad de Ejutla de Crespo
31,71,071 Sudzal
7,20,020 La Concordia
20,151,151 San Francisco Teopan
11,41,041 Uriangato
20,168,168 San Jos� Estancia Grande
17,30,030 Yecapixtla
21,24,024 Axutla
5,13,013 Hidalgo
15,31,031 Chimalhuac�n
15,87,087 Temoaya
7,32,032 Escuintla
16,100,100 Tzintzuntzan
20,420,420 Santa Mar�a Lachix�o
24,23,023 Ray�n
20,540,540 Villa de Tamazul�pam del Progreso
20,554,554 Totontepec Villa de Morelos
28,16,016 Hidalgo
20,68,068 Ocotl�n de Morelos
21,136,136 San Miguel Xoxtla
20,333,333 San Pedro Totol�pam
8,62,062 Saucillo
20,431,431 Santa Mar�a Tecomavaca
20,35,035 Guelatao de Ju�rez
20,279,279 San Miguel Suchixtepec
21,54,054 Chignautla
30,154,154 Tantima
27,7,007 Emiliano Zapata
21,23,023 Atzitzintla
31,9,009 Cansahcab
30,184,184 Tlaquilpa
16,33,033 Gabriel Zamora
20,288,288 San Miguel Yotao
20,305,305 San Pedro Comitancillo
5,36,036 Viesca
20,211,211 San Juan Ozolotepec
7,4,004 Altamirano
20,350,350 San Sebasti�n Tutla
20,165,165 San Jos� Ayuquila
7,9,009 Arriaga
20,462,462 Santiago Huajolotitl�n
32,32,032 Morelos
24,42,042 Tanqui�n de Escobedo
32,27,027 Melchor Ocampo
10,26,026 San Dimas
13,2,002 Acaxochitl�n
12,5,005 Alpoyeca
8,32,032 Hidalgo del Parral
30,42,042 Colipa
30,48,048 Cosoleacaque
26,63,063 Tepache
15,6,006 Almoloya del R�o
7,54,054 Mazat�n
21,164,164 Tepeaca
27,3,003 Centla
12,17,017 Cocula
9,6,006 Iztacalco
8,9,009 Bocoyna
21,19,019 Atlixco
29,49,049 San Dami�n Tex�loc
5,12,012 Guerrero
11,28,028 Salvatierra
30,19,019 Astacinga
20,545,545 Teotitl�n de Flores Mag�n
16,1,001 Acuitzio
20,281,281 San Miguel Tecomatl�n
13,17,017 Chapantongo
7,93,093 Tenejapa
14,5,005 Amatit�n
7,97,097 Tonal�
32,33,033 Moyahua de Estrada
20,264,264 San Miguel Chicahua
20,117,117 San Bartolom� Loxicha
24,5,005 C�rdenas
14,84,084 Talpa de Allende
20,80,080 San Agust�n Amatengo
14,123,123 Zapotl�n del Rey
20,259,259 San Miguel Ahuehuetitl�n
7,48,048 Ju�rez
19,46,046 San Nicol�s de los Garza
31,62,062 Sacalum
21,25,025 Ayotoxco de Guerrero
20,301,301 San Pedro Ap�stol
15,35,035 Huehuetoca
23,7,007 L�zaro C�rdenas
28,8,008 Casas
21,14,014 Amixtl�n
14,13,013 Atotonilco el Alto
16,77,077 San Lucas
29,35,035 Tocatl�n
31,83,083 Telchac Puerto
21,126,126 San Jer�nimo Tecuanipan
12,62,062 Tlacoachistlahuaca
24,21,021 Mexquitic de Carmona
19,37,037 Mina
19,14,014 Dr. Arroyo
28,22,022 Matamoros
30,194,194 Villa Aldama
20,81,081 San Agust�n Atenango
16,6,006 Apatzing�n
30,150,150 Tamal�n
20,500,500 Santiago Yosond�a
24,,
15,41,041 Ixtapan del Oro
20,120,120 San Bartolom� Zoogocho
20,134,134 San Felipe Jalapa de D�az
31,50,050 M�rida
20,365,365 Santa Catarina Lachatao
32,6,006 Ca�itas de Felipe Pescador
21,160,160 Teotlalco
31,51,051 Mococh�
14,50,050 Jocotepec
7,119,119 Santiago el Pinar
20,128,128 San Crist�bal Lachirioag
12,71,071 Xochistlahuaca
26,27,027 Fronteras
21,181,181 Tlaltenango
30,159,159 Tehuipango
30,53,053 Cuitl�huac
20,402,402 Santa Mar�a Cortijo
21,5,005 Acteopan
30,82,082 Ixhuatl�n del Sureste
16,54,054 Morelos
30,203,203 Zozocolco de Hidalgo
28,21,021 El Mante
7,89,089 Tapachula
29,53,053 San Juan Huactzinco
28,2,002 Aldama
31,70,070 Sucil�
20,285,285 San Miguel Tlacamama
18,4,004 Compostela
19,18,018 Garc�a
20,397,397 Heroica Ciudad de Tlaxiaco
21,17,017 Atempan
7,110,110 San Lucas
31,13,013 Conkal
20,64,064 Nejapa de Madero
31,105,105 Yaxkukul
20,250,250 San Mateo Etlatongo
24,34,034 San Vicente Tancuayalab
10,,
20,531,531 Santo Tom�s Mazaltepec
30,97,097 Lerdo de Tejada
13,73,073 Tlanchinol
17,6,006 Cuautla
30,25,025 Ayahualulco
30,2,002 Acatl�n
20,482,482 Santiago Pinotepa Nacional
20,245,245 San Mart�n Zacatepec
28,6,006 Bustamante
20,51,051 Magdalena Teitipac
12,81,081 Iliatenco
20,206,206 San Juan de los Cu�s
27,9,009 Jalapa
10,22,022 Poanas
20,229,229 San Lorenzo Texmel�can
20,216,216 San Juan Taba�
13,78,078 Xochiatipan
5,2,002 Acu�a
20,98,098 San Andr�s Teotil�lpam
15,99,099 Texcoco
20,22,022 Cosoltepec
26,6,006 Arizpe
12,19,019 Copalillo
21,147,147 Santa In�s Ahuatempan
20,373,373 Santa Catarina Zapoquila
20,552,552 Tlacotepec Plumas
7,62,062 Ostuac�n
30,17,017 Apazapan
15,7,007 Amanalco
20,461,461 Santiago del R�o
20,263,263 San Miguel Coatl�n
20,526,526 Santos Reyes Nopala
30,110,110 Mixtla de Altamirano
20,222,222 San Juan Yae�
12,49,049 Pilcaya
26,43,043 Nogales
10,7,007 G�mez Palacio
20,313,313 San Pedro Jocotipac
30,188,188 Totutla
20,182,182 San Juan Bautista Tlacoatzintepec
30,109,109 Misantla
31,32,032 Espita
6,,
20,223,223 San Juan Yatzona
30,50,050 Coxquihui
20,127,127 San Crist�bal Amoltepec
15,4,004 Almoloya de Alquisiras
26,64,064 Trincheras
30,47,047 Coscomatepec
20,296,296 San Pablo Macuiltianguis
21,155,155 Tecomatl�n
5,34,034 Sierra Mojada
21,144,144 San Salvador Huixcolotla
13,36,036 San Agust�n Metzquititl�n
24,58,058 El Naranjo
30,30,030 Camerino Z. Mendoza
20,292,292 San Pablo Cuatro Venados
20,383,383 Santa Cruz Tayata
12,36,036 Igualapa
15,16,016 Axapusco
30,37,037 Coahuitl�n
20,451,451 Santiago Apoala
31,22,022 Chikindzonot
13,60,060 Tenango de Doria
12,44,044 Mochitl�n
20,253,253 San Mateo Pi�as
16,79,079 Salvador Escalante
17,15,015 Miacatl�n
26,40,040 N�cori Chico
29,32,032 Tetlatlahuca
32,18,018 Huanusco
10,25,025 San Bernardo
14,59,059 Mazamitla
8,42,042 Manuel Benavides
28,32,032 Reynosa
20,,
32,10,010 Fresnillo
16,93,093 Tlalpujahua
20,339,339 San Pedro y San Pablo Teposcolula
20,236,236 San Marcial Ozolotepec
21,166,166 Tepeojuma
16,22,022 Charo
32,49,049 Valpara�so
20,522,522 Santo Domingo Xagac�a
29,44,044 Zacatelco
20,428,428 Santa Mar�a Quiegolani
16,,
15,86,086 Temascaltepec
8,58,058 San Francisco de Conchos
20,532,532 Santo Tom�s Ocotepec
20,562,562 Magdalena Yodocono de Porfirio D�az
21,115,115 Quecholac
20,529,529 Santos Reyes Yucun�
20,485,485 Santiago Tapextla
16,17,017 Contepec
14,52,052 Juchitl�n
16,20,020 Cuitzeo
21,10,010 Ajalpan
7,78,078 San Crist�bal de las Casas
14,107,107 Tuxcueca
7,50,050 La Libertad
20,212,212 San Juan Petlapa
30,191,191 Ursulo Galv�n
20,362,362 Santa Catarina Cuixtla
19,25,025 Gral. Zuazua
22,18,018 Tolim�n
16,9,009 Ario
23,8,008 Solidaridad
15,122,122 Valle de Chalco Solidaridad
30,87,087 Xalapa
28,12,012 Gonz�lez
20,503,503 Santiago Zoochila
7,79,079 San Fernando
16,25,025 Chilchota
15,123,123 Luvianos
19,12,012 Ci�nega de Flores
26,31,031 Huachinera
17,1,001 Amacuzac
20,29,029 Eloxochitl�n de Flores Mag�n
20,528,528 Santos Reyes Tepejillo
21,42,042 Cuayuca de Andrade
19,2,002 Agualeguas
1,7,007 Rinc�n de Romos
4,5,005 Hecelchak�n
8,7,007 Balleza
4,9,009 Esc�rcega
20,490,490 Santiago Texcalcingo
21,153,153 Tecali de Herrera
21,6,006 Ahuacatl�n
24,39,039 Tampamol�n Corona
20,268,268 San Miguel Ejutla
26,41,041 Nacozari de Garc�a
16,90,090 Tingambato
14,61,061 Mezquitic
29,4,004 Atltzayanca
7,41,041 La Independencia
21,138,138 San Nicol�s de los Ranchos
21,36,036 Coyomeapan
12,46,046 Ometepec
20,469,469 Santiago Juxtlahuaca
14,101,101 Tonal�
21,116,116 Quimixtl�n
14,83,083 Tala
7,108,108 Villaflores
31,52,052 Motul
16,105,105 Vista Hermosa
20,61,061 Monjas
15,94,094 Tepetlixpa
31,72,072 Suma
17,28,028 Xochitepec
16,31,031 Epitacio Huerta
9,15,015 Cuauht�moc
11,31,031 San Francisco del Rinc�n
20,87,087 San Agust�n Yatareni
20,556,556 La Trinidad Vista Hermosa
26,11,011 Bacoachi
29,17,017 Mazatecochco de Jos� Mar�a Morelos
20,238,238 San Mart�n de los Cansecos
16,45,045 Jiquilpan
28,14,014 Guerrero
15,72,072 Ray�n
21,61,061 Eloxochitl�n
26,23,023 Cumpas
16,70,070 Pur�pero
1,10,010 El Llano
20,309,309 San Pedro Ixcatl�n
31,33,033 Halach�
5,9,009 Francisco I. Madero
20,520,520 Santo Domingo Tonal�
26,17,017 Caborca
15,66,066 Otzoloapan
21,122,122 San Felipe Teotlalcingo
10,2,002 Canelas
20,178,178 San Juan Bautista Guelache
24,36,036 Tamasopo
11,23,023 P�njamo
15,8,008 Amatepec
22,5,005 Col�n
30,103,103 Mecatl�n
30,137,137 Los Reyes
26,46,046 Oquitoa
30,113,113 Naranjal
20,18,018 Concepci�n Buenavista
20,150,150 San Francisco Telixtlahuaca
16,60,060 Numar�n
20,75,075 Reforma de Pineda
20,318,318 San Pedro Mixtepec -Dto. 22 -
20,218,218 San Juan Teita
20,201,201 San Juan Juquila Vijanos
30,189,189 Tuxpan
20,374,374 Santa Cruz Acatepec
30,190,190 Tuxtilla
21,63,063 Esperanza
30,34,034 Cerro Azul
10,27,027 San Juan de Guadalupe
15,58,058 Nezahualc�yotl
15,22,022 Cocotitl�n
32,15,015 El Plateado de Joaqu�n Amaro
20,537,537 Silacayo�pam
30,158,158 Tecolutla
31,8,008 Calotmul
20,371,371 Santa Catarina Ticu�
20,355,355 Santa Ana Cuauht�moc
13,32,032 Jaltoc�n
15,93,093 Tepetlaoxtoc
26,42,042 Navojoa
8,30,030 Guazapares
16,110,110 Zinap�cuaro
10,5,005 Durango
30,134,134 Puente Nacional
26,35,035 Imuris
21,67,067 Guadalupe Victoria
21,50,050 Chichiquila
20,317,317 San Pedro M�rtir Yucuxaco
16,84,084 Tangamandapio
20,459,459 Santiago Chazumba
9,4,004 Cuajimalpa de Morelos
24,15,015 Charcas
24,9,009 Cerro de San Pedro
30,130,130 Playa Vicente
13,51,051 Mineral de la Reforma
14,20,020 Cabo Corrientes
20,458,458 Santiago Comaltepec
21,13,013 Altepexi
20,101,101 San Andr�s Zabache
20,163,163 San Jer�nimo Tec�atl
24,43,043 Tierra Nueva
20,202,202 San Juan Lachao
29,57,057 Santa Apolonia Teacalco
20,123,123 San Bernardo Mixtepec
20,251,251 San Mateo Nej�pam
16,107,107 Zacapu
3,2,002 Muleg�
21,198,198 Xicotl�n
21,182,182 Tlanepantla
10,33,033 S�chil
20,184,184 San Juan Bautista Tuxtepec
8,51,051 Ocampo
14,10,010 Atemajac de Brizuela
32,31,031 Monte Escobedo
15,73,073 San Antonio la Isla
26,62,062 Suaqui Grande
15,81,081 Tec�mac
20,553,553 Tlalixtac de Cabrera
20,336,336 San Pedro Y�lox
15,17,017 Ayapango
31,59,059 Progreso
7,18,018 Coapilla
31,48,048 Maxcan�
20,232,232 San Lucas Ojitl�n
20,460,460 Santiago Cho�pam
21,74,074 Huejotzingo
20,493,493 Santiago Tillo
20,364,364 Santa Catarina Juquila
15,61,061 Nopaltepec
31,99,099 Uayma
20,23,023 Cuil�pam de Guerrero
20,550,550 San Jer�nimo Tlacochahuaya
16,78,078 Santa Ana Maya
16,87,087 Taretan
20,415,415 Santa Mar�a Ipalapa
21,178,178 Tlacuilotepec
8,43,043 Matach�
32,16,016 General P�nfilo Natera
19,33,033 Linares
31,61,061 R�o Lagartos
31,17,017 Chankom
24,20,020 Matehuala
13,42,042 Molango de Escamilla
32,46,046 Tepetongo
14,68,068 Villa Purificaci�n
8,21,021 Delicias
17,3,003 Axochiapan
15,51,051 Lerma
21,21,021 Atzala
24,33,033 Santo Domingo
20,161,161 San Jer�nimo Sosola
5,6,006 Casta�os
15,109,109 Tultitl�n
10,4,004 Cuencam�
12,,
31,84,084 Temax
21,146,146 Santa Catarina Tlaltempan
30,80,080 Ixhuatl�n del Caf�
29,7,007 El Carmen Tequexquitla
31,94,094 Tixmehuac
26,53,053 San Felipe de Jes�s
21,202,202 Xochitl�n de Vicente Su�rez
20,214,214 San Juan Quiotepec
14,17,017 Ayutla
21,104,104 Nopalucan
7,56,056 Mitontic
16,80,080 Senguio
14,38,038 Guachinango
7,71,071 Villa Comaltitl�n
13,10,010 Atitalaquia
12,7,007 Arcelia
6,1,001 Armer�a
20,452,452 Santiago Ap�stol
15,83,083 Temamatla
5,25,025 Piedras Negras
32,35,035 Noria de �ngeles
20,456,456 Santiago Cacaloxtepec
30,169,169 Jos� Azueta
7,104,104 Tzimol
21,46,046 Chapulco
20,484,484 Santiago Tamazola
8,15,015 Coyame del Sotol
5,7,007 Cuatro Ci�negas
1,9,009 Tepezal�
21,72,072 Huehuetla
9,8,008 La Magdalena Contreras
21,109,109 Pahuatl�n
26,13,013 Ban�michi
29,24,024 Panotla
20,154,154 San Ildefonso Amatl�n
7,82,082 Sital�
19,50,050 Vallecillo
20,557,557 Uni�n Hidalgo
26,65,065 Tubutama
13,23,023 Francisco I. Madero
21,97,097 Mixtla
20,176,176 San Juan Bautista Coixtlahuaca
15,103,103 Tlalmanalco
16,11,011 Brise�as
20,300,300 San Pedro Amuzgos
8,29,029 Guadalupe y Calvo
20,275,275 San Miguel Quetzaltepec
21,141,141 San Pedro Yeloixtlahuaca
30,28,028 Boca del R�o
13,38,038 Mineral del Chico
20,27,027 Chiquihuitl�n de Benito Ju�rez
20,479,479 Santiago Nejapilla
31,88,088 Teya
20,293,293 San Pablo Etla
32,28,028 Mezquital del Oro
9,11,011 Tl�huac
20,215,215 San Juan Sayultepec
30,127,127 La Perla
22,15,015 San Joaqu�n
20,272,272 San Miguel Panixtlahuaca
19,51,051 Villaldama
26,26,026 Etchojoa
14,53,053 Lagos de Moreno
31,68,068 Sinanch�
20,158,158 San Jacinto Tlacotepec
20,417,417 Santa Mar�a Jacatepec
17,16,016 Ocuituco
20,62,062 Natividad
7,35,035 Frontera Hidalgo
14,8,008 Arandas
1,6,006 Pabell�n de Arteaga
5,17,017 Matamoros
20,254,254 San Mateo R�o Hondo
20,242,242 San Mart�n Peras
15,125,125 Tonanitla
30,153,153 Tancoco
7,87,087 Suchiate
13,50,050 Progreso de Obreg�n
20,219,219 San Juan Teitipac
8,49,049 Nonoava
21,52,052 Chigmecatitl�n
29,46,046 Emiliano Zapata
32,53,053 Villa Gonz�lez Ortega
20,55,055 Mariscala de Ju�rez
20,543,543 Tataltepec de Vald�s
22,6,006 Corregidora
8,52,052 Ojinaga
15,80,080 Sultepec
7,114,114 Benem�rito de las Am�ricas
13,74,074 Tlaxcoapan
31,96,096 Tizim�n
30,123,123 P�nuco
12,73,073 Zir�ndaro
20,233,233 San Lucas Quiavin�
20,196,196 San Juan Evangelista Analco
20,277,277 Villa Sola de Vega
30,207,207 Tres Valles
16,75,075 Los Reyes
14,,
12,63,063 Tlacoapa
26,28,028 Granados
27,13,013 Nacajuca
19,30,030 Iturbide
21,145,145 San Sebasti�n Tlacotepec
17,10,010 Jantetelco
30,180,180 Tlachichilco
20,44,044 Loma Bonita
12,25,025 Cuautepec
11,8,008 Manuel Doblado
32,36,036 Ojocaliente
30,95,095 Juchique de Ferrer
12,2,002 Ahuacuotzingo
24,11,011 Ciudad Fern�ndez
20,42,042 Ixtl�n de Ju�rez
20,334,334 Villa de Tututepec de Melchor Ocampo
10,24,024 Rodeo
20,363,363 Santa Catarina Ixtepeji
12,80,080 Juchit�n
21,29,029 Caxhuacan
20,7,007 Asunci�n Ocotl�n
20,191,191 San Juan Chicomez�chil
32,26,026 Mazapil
21,87,087 Jolalpan
20,396,396 Santa Mar�a la Asunci�n
30,120,120 Oteapan
20,387,387 Santa Gertrudis
31,56,056 Oxkutzcab
17,26,026 Tlayacapan
20,140,140 San Francisco Chind�a
21,135,135 San Miguel Ixitl�n
13,,
30,90,090 Jamapa
12,28,028 Chilapa de �lvarez
14,31,031 Chimaltit�n
16,48,048 Lagunillas
26,50,050 Ray�n
30,106,106 Miahuatl�n
30,64,064 Chumatl�n
30,38,038 Coatepec
27,2,002 C�rdenas
7,33,033 Francisco Le�n
13,41,041 Mixquiahuala de Ju�rez
14,117,117 Ca�adas de Obreg�n
20,410,410 Santa Mar�a Ecatepec
30,104,104 Mecayapan
30,201,201 Zongolica
5,22,022 Nava
8,11,011 Camargo
12,39,039 Juan R. Escudero
31,15,015 Cuzam�
20,425,425 Santa Mar�a P�palo
24,48,048 Villa de la Paz
19,,
20,125,125 San Carlos Yautepec
15,12,012 Atizap�n
14,25,025 Colotl�n
8,3,003 Allende
14,91,091 Teocaltiche
30,115,115 Nogales
1,,
20,538,538 Sitio de Xitlapehua
31,102,102 Valladolid
20,561,561 Yaxe
23,2,002 Felipe Carrillo Puerto
32,51,051 Villa de Cos
21,76,076 Hueytamalco
13,53,053 San Bartolo Tutotepec
20,53,053 Magdalena Tlacotepec
26,66,066 Ures
20,276,276 San Miguel Santa Flor
20,243,243 San Mart�n Tilcajete
16,8,008 Aquila
31,20,020 Chicxulub Pueblo
32,29,029 Miguel Auza
14,70,070 El Salto
13,83,083 Zempoala
30,86,086 Jalacingo
8,60,060 Santa B�rbara
17,11,011 Jiutepec
21,169,169 Tepexi de Rodr�guez
16,59,059 Nuevo Urecho
20,8,008 Asunci�n Tlacolulita
30,40,040 Coatzintla
30,101,101 Mariano Escobedo
20,348,348 San Sebasti�n Tecomaxtlahuaca
30,171,171 Texhuac�n
16,30,030 Ecuandureo
20,384,384 Santa Cruz Xitla
5,27,027 Ramos Arizpe
20,527,527 Santos Reyes P�palo
30,131,131 Poza Rica de Hidalgo
16,21,021 Charapan
20,226,226 San Lorenzo Albarradas
30,58,058 Chicontepec
30,129,129 Plat�n S�nchez
20,210,210 San Juan �um�
14,106,106 Tuxcacuesco
31,82,082 Telchac Pueblo
21,11,011 Albino Zertuche
20,270,270 San Miguel Huautla
7,92,092 Tecpat�n
14,54,054 El Lim�n
20,535,535 San Vicente Lachix�o
20,169,169 San Jos� Independencia
23,6,006 Jos� Mar�a Morelos
12,53,053 San Marcos
20,367,367 Santa Catarina Mechoac�n
20,471,471 Santiago Lalopa
22,17,017 Tequisquiapan
15,119,119 Zumpahuac�n
31,93,093 Tixkokob
20,414,414 Santa Mar�a Huazolotitl�n
10,13,013 Mapim�
8,47,047 Moris
20,325,325 San Pedro Quiatoni
5,21,021 Nadadores
19,8,008 Bustamante
20,404,404 Santa Mar�a Chacho�pam
31,98,098 Tzucacab
12,66,066 Tlapa de Comonfort
7,8,008 Angel Albino Corzo
19,31,031 Ju�rez
31,28,028 Dzilam de Bravo
4,2,002 Campeche
12,60,060 Tetipac
21,203,203 Xochitl�n Todos Santos
30,199,199 Zaragoza
26,32,032 Hu�sabas
30,76,076 Ilamatl�n
16,42,042 Ixtl�n
20,138,138 San Francisco Cajonos
28,20,020 Mainero
30,61,061 Las Choapas
20,370,370 Santa Catarina Tayata
13,34,034 Lolotla
7,103,103 Tuzant�n
21,214,214 Zinacatepec
15,53,053 Melchor Ocampo
21,168,168 Tepexco
13,3,003 Actopan
20,377,377 Santa Cruz Itundujia
11,16,016 Huan�maro
20,366,366 Santa Catarina Loxicha
11,10,010 Coroneo
8,12,012 Carich�
29,48,048 La Magdalena Tlaltelulco
20,480,480 Santiago Nundiche
30,105,105 Medell�n
30,49,049 Cotaxtla
13,33,033 Ju�rez Hidalgo
21,7,007 Ahuatl�n
30,186,186 Tomatl�n
20,502,502 Santiago Zacatepec
20,468,468 Santiago Jocotepec
30,43,043 Comapa
12,43,043 Metlat�noc
7,5,005 Amat�n
27,4,004 Centro
21,105,105 Ocotepec
29,8,008 Cuapiaxtla
7,2,002 Acala
7,46,046 Jiquipilas
14,78,078 San Miguel el Alto
31,24,024 Chumayel
31,39,039 Ixil
22,14,014 Quer�taro
16,53,053 Morelia
26,19,019 Cananea
30,202,202 Zontecomatl�n de L�pez y Fuentes
18,8,008 Xalisco
8,20,020 Ch�nipas
30,54,054 Chacaltianguis
16,34,034 Hidalgo
21,114,114 Puebla
31,101,101 Um�n
29,27,027 Tenancingo
11,4,004 Apaseo el Alto
16,46,046 Ju�rez
14,120,120 Zapopan
20,291,291 San Pablo Coatl�n
14,90,090 Tenamaxtl�n
30,197,197 Yecuatla
13,5,005 Ajacuba
20,536,536 San Vicente Nu��
30,89,089 J�ltipan
11,39,039 Tarimoro
7,80,080 Siltepec
15,14,014 Atlacomulco
20,58,058 Mazatl�n Villa de Flores
20,209,209 San Juan Mixtepec -Dto. 26 -
21,195,195 Vicente Guerrero
8,55,055 Rosales
15,78,078 Santo Tom�s
14,79,079 G�mez Far�as
26,71,071 Benito Ju�rez
15,107,107 Tonatico
30,161,161 Tempoal
20,439,439 Santa Mar�a Tonameca
21,3,003 Acatl�n
20,489,489 Santiago Tetepec
15,11,011 Atenco
24,8,008 Cerritos
11,45,045 Xich�
21,20,020 Atoyatempan
26,39,039 Naco
29,10,010 Chiautempan
20,541,541 Tanetze de Zaragoza
14,16,016 Ayotl�n
20,509,509 Santo Domingo de Morelos
26,12,012 B�cum
20,432,432 Santa Mar�a Temaxcalapa
7,74,074 Reforma
21,107,107 Olintla
12,67,067 Tlapehuala
26,45,045 Opodepe
20,379,379 Santa Cruz Nundaco
14,72,072 San Diego de Alejandr�a
30,176,176 Tlacojalpan
28,25,025 Miguel Alem�n
30,204,204 Agua Dulce
28,26,026 Miquihuana
15,38,038 Isidro Fabela
30,35,035 Citlalt�petl
20,57,057 Mat�as Romero Avenda�o
20,228,228 San Lorenzo Cuaunecuiltitla
11,11,011 Cortazar
21,15,015 Amozoc
15,115,115 Xonacatl�n
11,38,038 Tarandacuao
20,12,012 Candelaria Loxicha
7,112,112 San Juan Cancuc
24,46,046 Villa de Arriaga
20,445,445 Santa Mar�a Yosoy�a
7,26,026 Chenalh�
20,13,013 Ci�nega de Zimatl�n
19,10,010 Carmen
14,32,032 Chiquilistl�n
20,49,049 Magdalena Ocotl�n
12,38,038 Zihuatanejo de Azueta
15,85,085 Temascalcingo
15,112,112 Villa del Carb�n
15,124,124 San Jos� del Rinc�n
20,320,320 San Pedro Molinos
5,1,001 Abasolo
30,136,136 Rafael Lucio
20,11,011 Calihual�
20,510,510 Santo Domingo Ixcatl�n
21,120,120 San Antonio Ca�ada
7,31,031 Chil�n
20,563,563 Yogana
20,464,464 Santiago Ihuitl�n Plumas
17,19,019 Tepalcingo
29,33,033 Tlaxcala
18,7,007 Jala
24,55,055 Zaragoza
20,435,435 Santa Mar�a Tepantlali
30,181,181 Tlalixcoyan
20,240,240 San Mart�n Itunyoso
7,16,016 Catazaj�
31,97,097 Tunk�s
20,487,487 Santiago Tenango
7,69,069 Pijijiapan
30,39,039 Coatzacoalcos
20,511,511 Santo Domingo Nuxa�
26,69,069 Y�cora
26,57,057 San Pedro de la Cueva
14,11,011 Atengo
30,205,205 El Higo
5,24,024 Parras
13,72,072 Tlanalapa
16,65,065 Paracho
20,421,421 Santa Mar�a Mixtequilla
20,100,100 San Andr�s Ya�
9,3,003 Coyoac�n
20,424,424 Santa Mar�a Ozolotepec
12,68,068 La Uni�n de Isidoro Montes de Oca
5,3,003 Allende
20,351,351 San Sim�n Almolongas
8,1,001 Ahumada
20,52,052 Magdalena Tequisistl�n
20,329,329 San Pedro Teozacoalco
21,215,215 Zongozotla
13,18,018 Chapulhuac�n
21,35,035 Coxcatl�n
20,316,316 San Pedro M�rtir Quiechapa
14,40,040 Hostotipaquillo
15,3,003 Aculco
20,322,322 San Pedro Ocopetatillo
19,44,044 Sabinas Hidalgo
8,56,056 Rosario
20,67,067 Oaxaca de Ju�rez
20,516,516 Santo Domingo Teojomulco
30,168,168 Tequila
20,157,157 San Jacinto Amilpas
30,70,070 Hidalgotitl�n
21,179,179 Tlachichuca
7,25,025 Chapultenango
19,26,026 Guadalupe
7,116,116 Marqu�s de Comillas
8,61,061 Satev�
21,43,043 Cuetzalan del Progreso
20,20,020 Constancia del Rosario
20,252,252 San Mateo Pe�asco
21,56,056 Chila de la Sal
30,102,102 Mart�nez de la Torre
7,115,115 Maravilla Tenejapa
12,72,072 Zapotitl�n Tablas
10,9,009 Guanacev�
16,92,092 Tiquicheo de Nicol�s Romero
13,8,008 Apan
15,111,111 Villa de Allende
16,52,052 L�zaro C�rdenas
20,405,405 Villa de Chilapa de D�az
8,24,024 Santa Isabel
20,197,197 San Juan Guelav�a
20,357,357 Santa Ana Tavela
31,18,018 Chapab
15,90,090 Tenango del Valle
30,51,051 Coyutla
14,37,037 El Grullo
21,94,094 Libres
7,7,007 Amatenango del Valle
30,20,020 Atlahuilco
15,18,018 Calimaya
21,124,124 San Gabriel Chilac
20,148,148 San Francisco Ozolotepec
11,19,019 Jer�cuaro
30,79,079 Ixhuac�n de los Reyes
12,34,034 Huitzuco de los Figueroa
16,4,004 Angamacutiro
29,25,025 San Pablo del Monte
32,56,056 Zacatecas
8,53,053 Praxedis G. Guerrero
30,200,200 Zentla
19,24,024 Gral. Zaragoza
31,54,054 Muxupip
20,533,533 Santo Tom�s Tamazulapan
20,200,200 San Juan Juquila Mixes
20,31,031 Tamazul�pam del Esp�ritu Santo
15,45,045 Jilotepec
7,85,085 Soyal�
16,43,043 Jacona
7,3,003 Acapetahua
19,39,039 Monterrey
14,23,023 Zapotl�n el Grande
24,18,018 Huehuetl�n
20,16,016 Coicoy�n de las Flores
30,177,177 Tlacolulan
10,34,034 Tamazula
14,56,056 Santa Mar�a del Oro
30,111,111 Moloac�n
20,88,088 San Andr�s Cabecera Nueva
20,257,257 San Melchor Betaza
31,57,057 Panab�
19,49,049 Santiago
30,155,155 Tantoyuca
16,72,072 Quer�ndaro
15,88,088 Tenancingo
16,29,029 Churumuco
21,143,143 San Salvador el Verde
29,40,040 Xaltocan
21,85,085 Iz�car de Matamoros
31,58,058 Peto
13,4,004 Agua Blanca de Iturbide
20,505,505 Santo Domingo Ingenio
20,338,338 Villa de Etla
20,190,190 San Juan Cotzoc�n
4,,
16,2,002 Aguililla
8,2,002 Aldama
30,144,144 Sayula de Alem�n
20,260,260 San Miguel Alo�pam
20,426,426 Santa Mar�a Pe�oles
24,10,010 Ciudad del Ma�z
19,43,043 Rayones
11,5,005 Apaseo el Grande
20,512,512 Santo Domingo Ozolotepec
13,55,055 Santiago de Anaya
20,298,298 San Pablo Villa de Mitla
2,1,001 Ensenada
20,361,361 Santa Catalina Quier�
12,24,024 Cual�c
20,453,453 Santiago Astata
15,77,077 San Sim�n de Guerrero
10,11,011 Ind�
29,13,013 Huamantla
12,47,047 Pedro Ascencio Alquisiras
21,16,016 Aquixtla
12,37,037 Ixcateopan de Cuauht�moc
22,12,012 Pedro Escobedo
20,356,356 Santa Ana del Valle
8,44,044 Matamoros
10,19,019 Ot�ez
20,5,005 Asunci�n Ixtaltepec
20,63,063 Nazareno Etla
16,85,085 Tanganc�cuaro
20,93,093 San Andr�s Lagunas
24,7,007 Cedral
20,261,261 San Miguel Amatitl�n
13,57,057 Singuilucan
30,55,055 Chalma
30,21,021 Atoyac
20,255,255 San Mateo Sindihui
16,39,039 Huiramba
24,47,047 Villa de Guadalupe
21,205,205 Yehualtepec
14,115,115 Villa Guerrero
18,20,020 Bah�a de Banderas
14,27,027 Cuautitl�n de Garc�a Barrag�n
19,45,045 Salinas Victoria
30,27,027 Benito Ju�rez
20,199,199 San Juan Ihualtepec
32,9,009 Chalchihuites
20,354,354 Santa Ana Ateixtlahuaca
30,33,033 Cazones de Herrera
15,47,047 Jiquipilco
21,193,193 Tzicatlacoyan
18,1,001 Acaponeta
30,179,179 Tlacotepec de Mej�a
21,162,162 Tepango de Rodr�guez
16,16,016 Coeneo
11,,
8,8,008 Batopilas
16,103,103 Venustiano Carranza
26,24,024 Divisaderos
20,149,149 San Francisco Sola
20,375,375 Santa Cruz Amilpas
30,69,069 Guti�rrez Zamora
9,17,017 Venustiano Carranza
5,10,010 Frontera
26,58,058 Santa Ana
7,59,059 Ocosingo
14,114,114 Villa Corona
29,30,030 Terrenate
13,11,011 Atlapexco
14,14,014 Atoyac
26,55,055 San Luis R�o Colorado
12,20,020 Copanatoyac
20,41,041 Huautla de Jim�nez
13,82,082 Zapotl�n de Ju�rez
15,2,002 Acolman
21,38,038 Cuapiaxtla de Madero
21,113,113 Piaxtla
2,2,002 Mexicali
32,25,025 Luis Moya
4,11,011 Candelaria
15,46,046 Jilotzingo
12,13,013 Azoy�
28,29,029 Ocampo
32,23,023 Juchipila
31,4,004 Baca
16,68,068 Perib�n
20,116,116 San Bartolom� Ayautla
20,302,302 San Pedro Atoyac
30,7,007 Camar�n de Tejeda
19,35,035 Melchor Ocampo
8,33,033 Huejotit�n
20,249,249 San Mateo Yoloxochitl�n
28,13,013 G��mez
12,42,042 M�rtir de Cuilapan
19,5,005 An�huac
14,60,060 Mexticac�n
21,39,039 Cuautempan
7,83,083 Socoltenango
20,523,523 Santo Domingo Yanhuitl�n
20,547,547 Teotongo
21,26,026 Calpan
29,56,056 Santa Ana Nopalucan
30,94,094 Juan Rodr�guez Clara
26,36,036 Magdalena
31,16,016 Chacsink�n
15,20,020 Coacalco de Berrioz�bal
20,247,247 Capul�lpam de M�ndez
32,37,037 P�nuco
21,30,030 Coatepec
11,22,022 Ocampo
20,4,004 Asunci�n Cuyotepeji
14,21,021 Casimiro Castillo
31,75,075 Teabo
20,131,131 San Dionisio Ocotepec
21,51,051 Chietla
31,86,086 Tepak�n
15,28,028 Chiautla
20,153,153 San Gabriel Mixtepec
12,14,014 Benito Ju�rez
10,31,031 Santa Clara
21,156,156 Tehuac�n
29,34,034 Tlaxco
13,37,037 Metztitl�n
20,6,006 Asunci�n Nochixtl�n
26,8,008 Bacad�huachi
32,58,058 Santa Mar�a de la Paz
13,62,062 Tepehuac�n de Guerrero
20,465,465 Santiago Ixcuintepec
11,44,044 Villagr�n
15,30,030 Chiconcuac
20,470,470 Santiago Lachiguiri
20,304,304 San Pedro Coxcaltepec C�ntaros
29,19,019 Tepetitla de Lardiz�bal
20,342,342 San Raymundo Jalpan
30,62,062 Chocam�n
8,22,022 Dr. Belisario Dom�nguez
7,63,063 Osumacinta
20,278,278 San Miguel Soyaltepec
21,173,173 Teteles de Avila Castillo
13,46,046 San Felipe Orizatl�n
20,54,054 Magdalena Zahuatl�n
23,10,010 Bacalar
24,32,032 Santa Mar�a del R�o
13,6,006 Alfajayucan
7,94,094 Teopisca
21,142,142 San Salvador el Seco
20,24,024 Cuyamecalco Villa de Zaragoza
26,3,003 Alamos
20,525,525 Santo Domingo Zanatepec
19,19,019 San Pedro Garza Garc�a
29,22,022 Acuamanala de Miguel Hidalgo
20,119,119 San Bartolom� Yucua�e
10,17,017 Ocampo
17,20,020 Tepoztl�n
22,7,007 Ezequiel Montes
20,94,094 San Andr�s Nuxi�o
16,82,082 Tac�mbaro
29,29,029 Tepeyanco
32,43,043 Susticac�n
20,122,122 San Bartolo Yautepec
10,18,018 El Oro
20,38,038 Villa Hidalgo
22,9,009 Jalpan de Serra
21,69,069 Huaquechula
20,566,566 San Mateo Yucutindoo
31,77,077 Tekal de Venegas
13,49,049 Pisaflores
15,65,065 Otumba
21,,
30,166,166 Tepetl�n
31,76,076 Tecoh
15,43,043 Xalatlaco
21,131,131 San Juan Atzompa
10,6,006 General Sim�n Bol�var
31,60,060 Quintana Roo
20,175,175 San Juan Bautista Atatlahuca
26,33,033 Huatabampo
2,3,003 Tecate
15,29,029 Chicoloapan
21,184,184 Tlapacoya
26,56,056 San Miguel de Horcasitas
19,17,017 Galeana
14,99,099 Tolim�n
20,454,454 Santiago Atitl�n
21,112,112 Petlalcingo
21,118,118 Los Reyes de Ju�rez
20,312,312 San Pedro Jicay�n
15,57,057 Naucalpan de Ju�rez
13,12,012 Atotonilco el Grande
30,196,196 Yanga
19,9,009 Cadereyta Jim�nez
20,444,444 Santa Mar�a Yolotepec
14,95,095 Teuchitl�n
29,15,015 Ixtacuixtla de Mariano Matamoros
12,4,004 Alcozauca de Guerrero
20,121,121 San Bartolo Soyaltepec
14,94,094 Tequila
7,105,105 Uni�n Ju�rez
20,403,403 Santa Mar�a Coyotepec
30,142,142 San Juan Evangelista
9,7,007 Iztapalapa
20,21,021 Cosolapa
31,27,027 Dzidzant�n
21,96,096 Mazapiltepec de Ju�rez
26,68,068 Villa Pesqueira
28,42,042 Villagr�n
20,144,144 San Francisco Jaltepetongo
28,37,037 Soto la Marina
16,63,063 Panind�cuaro
21,32,032 Cohetzala
26,16,016 Benjam�n Hill
7,76,076 Sabanilla
20,477,477 Santiago Minas
14,55,055 Magdalena
20,193,193 San Juan del Estado
24,52,052 Villa Ju�rez
20,204,204 San Juan Lajarcia
14,110,110 Uni�n de Tula
31,21,021 Chichimil�
15,102,102 Timilpan
29,16,016 Ixtenco
14,64,064 Ojuelos de Jalisco
31,67,067 Sey�
15,74,074 San Felipe del Progreso
27,11,011 Jonuta
30,119,119 Otatitl�n
30,46,046 Cosautl�n de Carvajal
16,10,010 Arteaga
20,393,393 Santa Luc�a Ocotl�n
15,63,063 Ocuilan
9,12,012 Tlalpan
21,1,001 Acajete
15,67,067 Otzolotepec
15,24,024 Cuautitl�n
13,76,076 Tula de Allende
24,35,035 Soledad de Graciano S�nchez
29,20,020 Sanct�rum de L�zaro C�rdenas
5,11,011 General Cepeda
20,303,303 San Pedro Cajonos
13,54,054 San Salvador
30,128,128 Perote
30,56,056 Chiconamel
20,207,207 San Juan Mazatl�n
12,54,054 San Miguel Totolapan
14,76,076 San Mart�n de Bola�os
20,45,045 Magdalena Apasco
31,89,089 Ticul
21,78,078 Huitzilan de Serd�n
7,106,106 Venustiano Carranza
20,14,014 Ciudad Ixtepec
30,,
30,108,108 Minatitl�n
26,48,048 Puerto Pe�asco
1,3,003 Calvillo
24,56,056 Villa de Arista
30,163,163 Tenochtitl�n
16,58,058 Nuevo Parangaricutiro
30,187,187 Tonay�n
20,10,010 El Barrio de la Soledad
20,332,332 San Pedro Topiltepec
16,99,099 Tuzantla
5,38,038 Zaragoza
19,7,007 Aramberri
11,35,035 Santa Cruz de Juventino Rosas
20,412,412 Santa Mar�a Guienagati
20,106,106 San Antonio Acutla
20,159,159 San Jer�nimo Coatl�n
31,91,091 Tinum
15,1,001 Acambay
17,5,005 Coatl�n del R�o
20,256,256 San Mateo Tlapiltepec
24,17,017 Guadalc�zar
14,33,033 Degollado
31,63,063 Samahil
26,5,005 Arivechi
24,54,054 Xilitla
31,100,100 Uc�
30,32,032 Catemaco
29,60,060 Santa Isabel Xiloxoxtla
13,56,056 Santiago Tulantepec de Lugo Guerrero
20,308,308 San Pedro Huilotepec
16,14,014 Coahuayana
8,26,026 Gran Morelos
20,507,507 Santo Domingo Armenta
12,30,030 Florencio Villarreal
14,98,098 Tlaquepaque
18,14,014 Santa Mar�a del Oro
7,66,066 Pantelh�
30,1,001 Acajete
20,92,092 San Andr�s Ixtlahuaca
20,262,262 San Miguel Amatl�n
12,12,012 Ayutla de los Libres
15,48,048 Jocotitl�n
21,101,101 Nauzontla
20,146,146 San Francisco Logueche
30,44,044 C�rdoba
31,44,044 Kinchil
30,16,016 La Antigua
12,29,029 Chilpancingo de los Bravo
16,28,028 Churintzio
30,3,003 Acayucan
8,57,057 San Francisco de Borja
28,27,027 Nuevo Laredo
19,40,040 Par�s
8,48,048 Namiquipa
30,68,068 Fort�n
7,61,061 Ocozocoautla de Espinosa
7,34,034 Frontera Comalapa
7,99,099 La Trinitaria
20,564,564 Yutanduchi de Guerrero
16,41,041 Irimbo
14,30,030 Chapala
19,32,032 Lampazos de Naranjo
30,122,122 Pajapan
20,513,513 Santo Domingo Petapa
23,1,001 Cozumel
30,93,093 Jilotepec
7,111,111 Zinacant�n
26,47,047 Pitiquito
8,59,059 San Francisco del Oro
31,106,106 Yoba�n
20,495,495 Santiago Xanica
13,35,035 Metepec
20,289,289 San Nicol�s
30,118,118 Orizaba
12,52,052 San Luis Acatl�n
21,206,206 Zacapala
20,280,280 Villa Talea de Castro
7,96,096 Tila
21,133,133 San Mart�n Totoltepec
22,3,003 Arroyo Seco
5,30,030 Saltillo
28,35,035 San Fernando
8,54,054 Riva Palacio
15,10,010 Apaxco
24,44,044 Vanegas
31,78,078 Tekant�
20,392,392 Santa Luc�a Monteverde
19,6,006 Apodaca
10,16,016 Nombre de Dios
10,39,039 Nuevo Ideal
7,65,065 Palenque
20,56,056 M�rtires de Tacubaya
13,79,079 Xochicoatl�n
30,6,006 Acultzingo
12,74,074 Zitlala
20,271,271 San Miguel Mixtepec
27,12,012 Macuspana
15,105,105 Tlatlaya
20,399,399 Santa Mar�a Atzompa
30,36,036 Coacoatzintla
20,113,113 San Baltazar Loxicha
16,76,076 Sahuayo
20,66,066 Santiago Niltepec
20,548,548 Tepelmeme Villa de Morelos
30,71,071 Huatusco
12,45,045 Olinal�
7,70,070 El Porvenir
15,118,118 Zinacantepec
20,167,167 San Jos� del Pe�asco
20,244,244 San Mart�n Toxpalan
21,117,117 Rafael Lara Grajales
32,12,012 Genaro Codina
12,3,003 Ajuchitl�n del Progreso
18,12,012 San Blas
32,52,052 Villa Garc�a
20,269,269 San Miguel el Grande
10,10,010 Hidalgo
14,41,041 Huej�car
31,,
20,413,413 Santa Mar�a Huatulco
16,3,003 �lvaro Obreg�n
14,118,118 Yahualica de Gonz�lez Gallo
20,284,284 San Miguel Tilqui�pam
21,130,130 San Juan Atenco
20,129,129 San Crist�bal Suchixtlahuaca
1,2,002 Asientos
30,24,024 Tlaltetela
30,91,091 Jes�s Carranza
15,36,036 Hueypoxtla
20,234,234 San Lucas Zoqui�pam
15,116,116 Zacazonapan
7,1,001 Acacoyagua
7,51,051 Mapastepec
21,93,093 Lafragua
20,147,147 San Francisco Nuxa�o
21,208,208 Zacatl�n
20,85,085 San Agust�n Loxicha
30,192,192 Vega de Alatorre
7,84,084 Solosuchiapa
29,6,006 Calpulalpan
15,79,079 Soyaniquilpan de Ju�rez
20,104,104 San Antonino el Alto
21,217,217 Zoquitl�n
11,34,034 Santa Catarina
16,51,051 Marcos Castellanos
20,118,118 San Bartolom� Quialana
10,28,028 San Juan del R�o
30,135,135 Rafael Delgado
15,97,097 Texcaltitl�n
12,48,048 Petatl�n
12,15,015 Buenavista de Cu�llar
13,77,077 Tulancingo de Bravo
24,27,027 San Ciro de Acosta
32,1,001 Apozol
14,102,102 Tonaya
20,319,319 San Pedro Mixtepec -Dto. 26 -
20,386,386 Santa Cruz Zenzontepec
5,16,016 Lamadrid
28,17,017 Jaumave
20,220,220 San Juan Tepeuxila
11,25,025 Pur�sima del Rinc�n
14,19,019 Bola�os
29,1,001 Amaxac de Guerrero
23,4,004 Oth�n P. Blanco
21,150,150 Huehuetl�n el Grande
32,41,041 El Salvador
13,44,044 Nopala de Villagr�n
21,110,110 Palmar de Bravo
28,28,028 Nuevo Morelos
14,71,071 San Crist�bal de la Barranca
17,2,002 Atlatlahucan
20,198,198 San Juan Guichicovi
20,306,306 San Pedro el Alto
21,99,099 Ca�ada Morelos
7,21,021 Copainal�
20,40,040 Huautepec
12,56,056 Tecoanapa
24,3,003 Aquism�n
5,31,031 San Buenaventura
30,45,045 Cosamaloapan de Carpio
7,118,118 San Andr�s Duraznal
21,161,161 Tepanco de L�pez
24,31,031 Santa Catarina
20,381,381 Santa Cruz Tacache de Mina
29,38,038 Tzompantepec
30,132,132 Las Vigas de Ram�rez
13,14,014 Calnali
20,519,519 Santo Domingo Tomaltepec
31,23,023 Chochol�
20,237,237 San Marcos Arteaga
28,1,001 Abasolo
20,141,141 San Francisco del Mar
15,54,054 Metepec
20,443,443 Santa Mar�a Yaves�a
21,199,199 Xiutetelco
20,457,457 Santiago Camotl�n
30,182,182 Tlalnelhuayocan
21,186,186 Tlatlauquitepec
19,41,041 Pesquer�a
32,30,030 Momax
10,3,003 Coneto de Comonfort
9,9,009 Milpa Alta
15,91,091 Teoloyucan
16,62,062 Pajacuar�n
12,11,011 Atoyac de �lvarez
16,109,109 Zin�paro
8,4,004 Aquiles Serd�n
21,82,082 Ixcaquixtla
20,382,382 Santa Cruz Tacahua
16,24,024 Cher�n
15,15,015 Atlautla
14,42,042 Huejuquilla el Alto
30,133,133 Pueblo Viejo
21,41,041 Cuautlancingo
19,13,013 China
0,,
24,24,024 Rioverde
16,102,102 Uruapan
21,71,071 Huauchinango
20,311,311 San Pedro Jaltepetongo
20,69,069 La Pe
26,37,037 Mazat�n
17,25,025 Tlaquiltenango
13,45,045 Omitl�n de Ju�rez
26,52,052 Sahuaripa
21,137,137 San Nicol�s Buenos Aires
26,25,025 Empalme
14,49,049 Jilotl�n de los Dolores
